{
	"class_name" : "PinholeCameraParameters",
	"extrinsic" : 
	[
		0.52724862288137631,
		-0.06963952522453172,
		0.84685254099884133,
		0.0,
		0.18855815560767936,
		-0.9621982309467747,
		-0.19652070200548249,
		0.0,
		0.82852562520631934,
		0.26329622270249015,
		-0.4941865917718512,
		0.0,
		-1.5075665761625194,
		0.67416993562752481,
		6.219443071069481,
		1.0
	],
	"intrinsic" : 
	{
		"height" : 1198,
		"intrinsic_matrix" : 
		[
			1037.4984337337578,
			0.0,
			0.0,
			0.0,
			1037.4984337337578,
			0.0,
			841.5,
			598.5,
			1.0
		],
		"width" : 1684
	},
	"version_major" : 1,
	"version_minor" : 0
}